{"_wandb": {"runtime": 133}, "time/iterations": 1, "_timestamp": 1705939576.506551, "rollout/ep_rew/SW_mean": -15.166666030883789, "rollout/ep_rew/mean_agent0": 12.166666984558105, "rollout/ep_rew/mean_agent1": -2.8333332538604736, "rollout/ep_rew/mean_agent2": -24.5, "rollout/ep_len_mean": 1000.0, "rollout/equality": -1.611721667921718, "time/fps": 2361, "time/time_elapsed": 15, "time/total_timesteps": 36000, "train/lr": 0.001, "_runtime": 18.76733899116516, "_step": 36000}