{"time/iterations": 2, "_timestamp": 1705947209.59612, "rollout/ep_rew/SW_mean": -14.208333492279053, "rollout/ep_rew/mean_agent0": 14.666666984558105, "rollout/ep_rew/mean_agent1": -9.416666984558105, "rollout/ep_rew/mean_agent2": -20.66666603088379, "rollout/ep_len_mean": 1000.0, "rollout/equality": -1.5279279771929757, "time/fps": 229, "time/time_elapsed": 313, "time/total_timesteps": 72000, "train/lr": 0.001, "train/policy_gradient_loss/0": 9.006924095444901e-10, "train/policy_gradient_loss/1": -8.926518785301596e-05, "train/policy_gradient_loss/2": -0.0002553609083406627, "train/policy_gradient_loss/3": -0.000659742159768939, "train/policy_gradient_loss/4": -0.0010021548951044679, "train/policy_gradient_loss/5": -0.0008355153258889914, "train/policy_gradient_loss/6": -0.0011525311274453998, "train/policy_gradient_loss/7": -0.002504137810319662, "train/policy_gradient_loss/8": -0.0011357979383319616, "train/policy_gradient_loss/9": -0.0007438756874762475, "train/policy_gradient_loss/10": -0.001538920565508306, "train/policy_gradient_loss/11": -0.0009969761595129967, "train/policy_gradient_loss/12": -0.0003461439337115735, "train/policy_gradient_loss/13": -0.001175826764665544, "train/policy_gradient_loss/14": 0.0007316510891541839, "train/policy_gradient_loss/15": -0.0011787567054852843, "train/policy_gradient_loss/16": -0.00042718061013147235, "train/policy_gradient_loss/17": -0.0002917628735303879, "train/policy_gradient_loss/18": -0.0007294542156159878, "train/policy_gradient_loss/19": 8.084403089014813e-05, "train/policy_gradient_loss/20": 0.00034640348167158663, "train/policy_gradient_loss/21": -0.0013476887252181768, "train/policy_gradient_loss/22": -0.0013656713999807835, "train/policy_gradient_loss/23": -0.00027761131059378386, "train/policy_gradient_loss/24": -0.000990231172181666, "train/policy_gradient_loss/25": -0.001280117896385491, "train/policy_gradient_loss/26": -0.001117059262469411, "train/policy_gradient_loss/27": -0.00154915452003479, "train/policy_gradient_loss/28": -0.002294211182743311, "train/policy_gradient_loss/29": -0.0008285020012408495, "train/policy_gradient_loss/30": -0.0013955150498077273, "train/policy_gradient_loss/31": -0.002296136924996972, "train/policy_gradient_loss/32": -0.003250219626352191, "train/policy_gradient_loss/33": -4.750103471451439e-05, "train/policy_gradient_loss/34": -0.002155683236196637, "train/policy_gradient_loss/35": -0.001200421480461955, "train/policy_gradient_loss/36": -0.001562774647027254, "train/policy_gradient_loss/37": -0.0016604593256488442, "train/policy_gradient_loss/38": -0.002395841060206294, "train/policy_gradient_loss/39": -0.0005397084751166403, "train/policy_gradient_loss/40": -0.0011028444860130548, "train/policy_gradient_loss/41": -0.0015714137116447091, "train/policy_gradient_loss/42": -0.0016387441428378224, "train/policy_gradient_loss/43": -0.0011105426819995046, "train/policy_gradient_loss/44": -0.0024236629251390696, "train/policy_gradient_loss/45": -0.000538633787073195, "train/policy_gradient_loss/46": -0.0016120867803692818, "train/policy_gradient_loss/47": -0.0022854716517031193, "train/policy_gradient_loss/48": -5.980470450595021e-05, "train/policy_gradient_loss/49": -0.002310257637873292, "train/policy_gradient_loss/50": -0.002186801517382264, "train/policy_gradient_loss/51": -0.001307956874370575, "train/policy_gradient_loss/52": -0.001517451019026339, "train/policy_gradient_loss/53": -0.0018186408560723066, "train/policy_gradient_loss/54": -0.001426324131898582, "train/policy_gradient_loss/55": -0.0018058846471831203, "train/policy_gradient_loss/56": -0.0031350450590252876, "train/policy_gradient_loss/57": -9.03720865608193e-05, "train/policy_gradient_loss/58": -0.0026030929293483496, "train/policy_gradient_loss/59": -0.0009598715114407241, "train/entropy_loss59": -1.3819748977820079, "train/value_loss": 4.27930847009023, "train/approx_kl": 0.016435200348496437, "train/clip_fraction": 0.07027778029441833, "train/loss": 2.122509002685547, "train/explained_variance": -9.5367431640625e-05, "train/clip_range": 0.2, "_runtime": 588.392510175705, "_step": 72000}