{"_wandb": {"runtime": 716}, "time/iterations": 1, "_timestamp": 1705943289.7676306, "rollout/ep_rew/SW_mean": -14.916666984558105, "rollout/ep_rew/mean_agent0": 12.333333015441895, "rollout/ep_rew/mean_agent1": -5.25, "rollout/ep_rew/mean_agent2": -22.0, "rollout/ep_len_mean": 1000.0, "rollout/equality": -1.5344506048607298, "time/fps": 1807, "time/time_elapsed": 19, "time/total_timesteps": 36000, "_runtime": 23.312849521636963, "_step": 36000}