{"time/iterations": 2, "_timestamp": 1707674377.3319182, "rollout/ep_rew_mean": 45.83333206176758, "SW_ep_rew_mean": 45.83333206176758, "rollout/ep_len_mean": 1000.0, "SW_timestep_rew_mean": 0.04583333206176758, "time/fps": {"_type": "histogram", "values": [1, 3, 3, 4, 10, 16, 46, 92, 140, 235, 361, 430, 522, 401, 328, 209, 98, 54, 22, 11, 4, 4, 1, 1, 1, 1, 1, 0, 0, 0, 0, 1], "bins": [-0.08708853274583817, -0.07994554191827774, -0.07280254364013672, -0.0656595528125763, -0.05851655825972557, -0.05137356370687485, -0.044230569154024124, -0.0370875746011734, -0.029944581910967827, -0.022801587358117104, -0.01565859466791153, -0.008515600115060806, -0.0013726064935326576, 0.005770387127995491, 0.012913381680846214, 0.02005637437105179, 0.02719936892390251, 0.034342363476753235, 0.04148535802960396, 0.04862834885716438, 0.055771343410015106, 0.06291434168815613, 0.07005733251571655, 0.07720032334327698, 0.084343321621418, 0.09148631244897842, 0.09862931072711945, 0.10577230155467987, 0.1129152923822403, 0.12005829066038132, 0.12720128893852234, 0.13434427976608276, 0.1414872705936432]}, "time/time_elapsed": 69, "time/total_timesteps": 12000, "train/entropy_loss": -1.9327699740727742, "train/value_loss": 22.034589515792, "train/approx_kl": 0.014311157166957855, "train/clip_fraction": 0.1379999965429306, "train/explained_variance": -0.49756014347076416, "train/reward_loss": 0.00037213662290014327, "_runtime": 89.84148335456848, "_step": 12000}