{"time/iterations": 1, "_timestamp": 1706033424.965855, "rollout/ep_rew/SW_mean": 13.249999523162842, "rollout/ep_rew/mean_agent0": 5.212500095367432, "rollout/ep_rew/mean_agent1": 3.8291666507720947, "rollout/ep_rew/mean_agent2": 4.208333492279053, "rollout/ep_len_mean": 1000.0, "rollout/equality": 0.06960168149453262, "time/fps": 921, "time/time_elapsed": 39, "time/total_timesteps": 36000, "train/lr": 0.001, "train/policy_gradient_loss/0": 2.119276309997531e-09, "train/policy_gradient_loss/1": -0.0003637914778664708, "train/policy_gradient_loss/2": -0.0015887338668107986, "train/policy_gradient_loss/3": -0.00027325027622282505, "train/policy_gradient_loss/4": -0.0015097741270437837, "train/policy_gradient_loss/5": -0.0005586770130321383, "train/policy_gradient_loss/6": -0.0005215121200308204, "train/policy_gradient_loss/7": -0.0007457457832060754, "train/policy_gradient_loss/8": -0.000845838338136673, "train/policy_gradient_loss/9": -0.0004704422317445278, "train/policy_gradient_loss/10": -0.000983046367764473, "train/policy_gradient_loss/11": -0.000788026605732739, "train/policy_gradient_loss/12": 0.003385067917406559, "train/policy_gradient_loss/13": -0.0009416952962055802, "train/policy_gradient_loss/14": -0.001451954711228609, "train/policy_gradient_loss/15": -0.0002184273471357301, "train/policy_gradient_loss/16": -0.0004985996638424695, "train/policy_gradient_loss/17": -0.000631543924100697, "train/policy_gradient_loss/18": -0.00016051504644565284, "train/policy_gradient_loss/19": -0.0009906633058562875, "train/policy_gradient_loss/20": -0.0003257686912547797, "train/policy_gradient_loss/21": -0.0010473431320860982, "train/policy_gradient_loss/22": 6.312115874607116e-05, "train/policy_gradient_loss/23": -0.0005711176199838519, "train/policy_gradient_loss/24": -0.0008395494078285992, "train/policy_gradient_loss/25": -0.0007914839661680162, "train/policy_gradient_loss/26": -0.0008817033958621323, "train/policy_gradient_loss/27": -0.0006858297856524587, "train/policy_gradient_loss/28": -0.0014321468770503998, "train/policy_gradient_loss/29": -0.00019989770953543484, "train/policy_gradient_loss/30": -0.0004948535352014005, "train/policy_gradient_loss/31": -0.0014963486464694142, "train/policy_gradient_loss/32": -0.0014053150080144405, "train/policy_gradient_loss/33": -0.0006317545776255429, "train/policy_gradient_loss/34": -0.0008688028319738805, "train/policy_gradient_loss/35": -0.001110629877075553, "train/policy_gradient_loss/36": -0.0015000684652477503, "train/policy_gradient_loss/37": -0.0005453944904729724, "train/policy_gradient_loss/38": -0.0005888926098123193, "train/policy_gradient_loss/39": -0.0017555287340655923, "train/policy_gradient_loss/40": -0.002044755732640624, "train/policy_gradient_loss/41": 0.0003848948981612921, "train/policy_gradient_loss/42": -0.0013192725600674748, "train/policy_gradient_loss/43": -0.0010042288340628147, "train/policy_gradient_loss/44": -0.0009690733859315515, "train/policy_gradient_loss/45": -0.0010166197316721082, "train/policy_gradient_loss/46": -0.0012781250989064574, "train/policy_gradient_loss/47": -0.000529508397448808, "train/policy_gradient_loss/48": -0.0006806367309764028, "train/policy_gradient_loss/49": -0.0009762666304595768, "train/policy_gradient_loss/50": -0.00015754466585349292, "train/policy_gradient_loss/51": -0.0014013475738465786, "train/policy_gradient_loss/52": -0.0015326677821576595, "train/policy_gradient_loss/53": -0.0001453946460969746, "train/policy_gradient_loss/54": -0.001239151693880558, "train/policy_gradient_loss/55": -0.0008937608799897134, "train/policy_gradient_loss/56": -0.0026561080012470484, "train/policy_gradient_loss/57": 0.0005131840007379651, "train/policy_gradient_loss/58": -0.0024435382802039385, "train/policy_gradient_loss/59": 2.2765054382034577e-05, "train/entropy_loss59": -1.380462501446406, "train/value_loss": 1.3349339286486308, "train/approx_kl": 0.007150247227400541, "train/clip_fraction": 0.0008333333535119891, "train/loss": 0.46236878633499146, "train/explained_variance": -0.041970252990722656, "train/clip_range": 0.2, "_runtime": 334.2715787887573, "_step": 36000}