{"_wandb": {"runtime": 38}, "time/iterations": 1, "_timestamp": 1705938474.3394299, "rollout/ep_rew/SW_mean": -13.416666984558105, "rollout/ep_rew/mean_agent0": 13.333333015441895, "rollout/ep_rew/mean_agent1": -5.583333492279053, "rollout/ep_rew/mean_agent2": -21.16666603088379, "rollout/ep_len_mean": 1000.0, "rollout/equality": -1.7142856872071175, "time/fps": 2160, "time/time_elapsed": 16, "time/total_timesteps": 36000, "train/lr": 0.001, "_runtime": 20.170560836791992, "_step": 36000}